{"cameraMode":{"drawMode":0,"name":"Shaded","section":"Shading Mode"},"sceneLighting":true,"audioPlay":false,"sceneViewState":{"m_AlwaysRefresh":false,"showFog":true,"showSkybox":true,"showFlares":true,"showImageEffects":true,"showParticleSystems":true,"showVisualEffectGraphs":true,"m_FxEnabled":true},"in2DMode":false,"pivot":{"x":-1.3199996948242188,"y":5.400000095367432,"z":22.700000762939454},"rotation":{"x":0.26487624645233157,"y":0.130011647939682,"z":-0.03607773035764694,"w":0.9548323154449463},"size":16.233007431030275,"orthographic":true}